time,temperature_2m,relative_humidity_2m,precipitation,wind_speed_10m
2026-08-14T00:00:00Z,28.7,72,0,11.2
2026-08-14T01:00:00Z,27.9,78,0,7.9
2026-08-14T02:00:00Z,27.5,82,0,2.8
2026-08-14T03:00:00Z,27.3,87,0,2.9
2026-08-14T04:00:00Z,27.2,84,0,5.2
2026-08-14T05:00:00Z,26.7,85,0,4.1
2026-08-14T06:00:00Z,26.3,90,0,4.3
2026-08-14T07:00:00Z,26.3,89,0,1.8
2026-08-14T08:00:00Z,26.1,87,0,3.1
2026-08-14T09:00:00Z,25.9,89,0,4.2
2026-08-14T10:00:00Z,25.8,89,0,5.7
2026-08-14T11:00:00Z,25.8,91,0,6.2
2026-08-14T12:00:00Z,26.7,92,0,5
2026-08-14T13:00:00Z,28.4,91,0,9.2
2026-08-14T14:00:00Z,30,82,0,9.2
2026-08-14T15:00:00Z,31,82,0,5.9
2026-08-14T16:00:00Z,32.6,70,0,2.9
2026-08-14T17:00:00Z,33.1,60,0,2.2
2026-08-14T18:00:00Z,33.8,56,0,5.5
2026-08-14T19:00:00Z,31.4,74,0,13
2026-08-14T20:00:00Z,24.5,100,74.5,11.9
2026-08-14T21:00:00Z,26.8,85,9,17.1
2026-08-14T22:00:00Z,27.1,83,0,12
2026-08-14T23:00:00Z,27.5,84,0,5.7
2026-08-15T00:00:00Z,26.4,88,0,7.4
2026-08-15T01:00:00Z,26.1,91,0,6.4
2026-08-15T02:00:00Z,25.7,89,0,6.6
2026-08-15T03:00:00Z,25.6,90,0,5.1
2026-08-15T04:00:00Z,25.4,93,0,1.5
2026-08-15T05:00:00Z,25.4,92,0,4.7
2026-08-15T06:00:00Z,25.2,89,0,6.4
2026-08-15T07:00:00Z,24.5,89,0,5
2026-08-15T08:00:00Z,24.3,94,0,5.4
2026-08-15T09:00:00Z,24.5,88,0,9.8
2026-08-15T10:00:00Z,24.4,93,0,7.1
2026-08-15T11:00:00Z,24.3,92,0,5.1
2026-08-15T12:00:00Z,25.2,95,0,5.1
2026-08-15T13:00:00Z,27.1,90,0,6.2
2026-08-15T14:00:00Z,29.1,90,0,2.6
2026-08-15T15:00:00Z,30.4,85,0,3.2
2026-08-15T16:00:00Z,31.3,77,0,0
2026-08-15T17:00:00Z,31.7,80,0,5.1
2026-08-15T18:00:00Z,31.3,82,0,12.5
2026-08-15T19:00:00Z,31.4,77,0,8.4
2026-08-15T20:00:00Z,30.2,76,0,2.9
2026-08-15T21:00:00Z,31.2,83,0.4,0.5
2026-08-15T22:00:00Z,29.3,93,0,5.4
2026-08-15T23:00:00Z,29.6,81,0,2.9
2026-08-16T00:00:00Z,28.3,88,0,3.4
2026-08-16T01:00:00Z,27.8,82,0,5.9
2026-08-16T02:00:00Z,27.2,88,0,2.1
2026-08-16T03:00:00Z,27.1,89,0,4.5
2026-08-16T04:00:00Z,26.4,88,0,4.9
2026-08-16T05:00:00Z,26.3,91,0,4.8
2026-08-16T06:00:00Z,26.3,89,0,2.3
2026-08-16T07:00:00Z,26.5,84,0,2.4
2026-08-16T08:00:00Z,26.2,83,0,3.9
2026-08-16T09:00:00Z,25.5,89,0,5.1
2026-08-16T10:00:00Z,25.4,89,0,4.3
2026-08-16T11:00:00Z,25,92,0,4
2026-08-16T12:00:00Z,25.8,95,0,3.7
2026-08-16T13:00:00Z,27.8,91,0,5.2
2026-08-16T14:00:00Z,29.4,86,0,3.6
2026-08-16T15:00:00Z,30.7,78,0,3.6
2026-08-16T16:00:00Z,31.3,77,0,2.6
2026-08-16T17:00:00Z,31.6,76,0,10
2026-08-16T18:00:00Z,31.8,70,0,7.6
2026-08-16T19:00:00Z,31.9,66,0,10.7
2026-08-16T20:00:00Z,32,68,0,8.4
2026-08-16T21:00:00Z,31.8,69,0,9.7
2026-08-16T22:00:00Z,30.8,79,0,11.2
2026-08-16T23:00:00Z,30.1,78,0,8.6
2026-08-17T00:00:00Z,29.2,82,0,8.7
2026-08-17T01:00:00Z,28.7,83,0,7.8
2026-08-17T02:00:00Z,28.3,85,0,5.2
2026-08-17T03:00:00Z,28,85,0,5.8
2026-08-17T04:00:00Z,27.6,89,0,5
2026-08-17T05:00:00Z,27.4,88,0,1.6
2026-08-17T06:00:00Z,27.1,89,0,2.2
2026-08-17T07:00:00Z,26.8,90,0,1.5
2026-08-17T08:00:00Z,26.5,92,0,4
2026-08-17T09:00:00Z,26.2,92,0,5.2
2026-08-17T10:00:00Z,25.9,89,0,4.6
2026-08-17T11:00:00Z,25.6,92,0,5.4
2026-08-17T12:00:00Z,26.3,97,0,3.1
2026-08-17T13:00:00Z,28.5,92,0,3.8
2026-08-17T14:00:00Z,30.3,78,0,2.9
2026-08-17T15:00:00Z,31,71,0,0.4
2026-08-17T16:00:00Z,31.5,73,0,6.8
2026-08-17T17:00:00Z,31.7,72,0,12
2026-08-17T18:00:00Z,31.8,71,0,10.7
2026-08-17T19:00:00Z,32,65,0,13.8
2026-08-17T20:00:00Z,31.5,72,0,14.1
2026-08-17T21:00:00Z,31.2,77,0,12.8
2026-08-17T22:00:00Z,30.6,76,0,10.3
2026-08-17T23:00:00Z,29.6,76,0,10.7
2026-08-18T00:00:00Z,28.7,72,0,7.6
2026-08-18T01:00:00Z,28.1,73,0,6.7
2026-08-18T02:00:00Z,27.8,75,0,7.6
2026-08-18T03:00:00Z,27.2,79,0,8
2026-08-18T04:00:00Z,27.1,83,0,6.8
2026-08-18T05:00:00Z,27.1,85,0,5.6
2026-08-18T06:00:00Z,27.1,84,0,6.2
2026-08-18T07:00:00Z,26.8,83,0,4.6
2026-08-18T08:00:00Z,27,85,0,5.6
2026-08-18T09:00:00Z,27.4,85,0,4.1
2026-08-18T10:00:00Z,27,82,0,1.6
2026-08-18T11:00:00Z,26.6,82,0,1.1
2026-08-18T12:00:00Z,27.7,86,0,2.7
2026-08-18T13:00:00Z,29.7,82,0,8.8
2026-08-18T14:00:00Z,30.3,81,0,12.5
2026-08-18T15:00:00Z,31,75,0,12.3
2026-08-18T16:00:00Z,31,79,0,14.5
2026-08-18T17:00:00Z,31.3,80,0,15.7
2026-08-18T18:00:00Z,31.6,72,0,14.7
2026-08-18T19:00:00Z,32,67,0,18.4
2026-08-18T20:00:00Z,32.2,63,0,15.3
2026-08-18T21:00:00Z,31.6,69,0,14
2026-08-18T22:00:00Z,31,79,0,13
2026-08-18T23:00:00Z,30.1,77,0,10.5
2026-08-19T00:00:00Z,28.7,80,0,8.8
2026-08-19T01:00:00Z,28.4,80,0,10.1
2026-08-19T02:00:00Z,28.4,79,0,7.2
2026-08-19T03:00:00Z,28.4,79,0,5.1
2026-08-19T04:00:00Z,28.4,81,1.4,9.7
2026-08-19T05:00:00Z,27.8,89,0,8.8
2026-08-19T06:00:00Z,27.6,86,0,6.1
2026-08-19T07:00:00Z,27.3,86,0,8.6
2026-08-19T08:00:00Z,27.6,89,0,9.6
2026-08-19T09:00:00Z,27.3,88,0,8
2026-08-19T10:00:00Z,27.6,88,0,5.5
2026-08-19T11:00:00Z,27.5,85,0,6
2026-08-19T12:00:00Z,28.5,90,0,1.5
2026-08-19T13:00:00Z,30.2,82,0,19.2
2026-08-19T14:00:00Z,30.8,84,0,10.8
2026-08-19T15:00:00Z,30.5,81,0,15.2
2026-08-19T16:00:00Z,30.3,82,0,17.1
2026-08-19T17:00:00Z,31.2,79,0,17.3
2026-08-19T18:00:00Z,31.2,73,0,16.8
2026-08-19T19:00:00Z,30.4,77,0,9
2026-08-19T20:00:00Z,31,70,0,15.7
2026-08-19T21:00:00Z,32.1,64,0,11.2
2026-08-19T22:00:00Z,30.6,73,0,13.2
2026-08-19T23:00:00Z,30.3,77,0,8.7
2026-08-20T00:00:00Z,29.1,75,0,6
2026-08-20T01:00:00Z,28.8,73,0,3.7
2026-08-20T02:00:00Z,28.5,80,0,5.2
2026-08-20T03:00:00Z,27.6,88,0,7.5
2026-08-20T04:00:00Z,28.2,84,0,5.9
2026-08-20T05:00:00Z,27.9,81,0,4.4
2026-08-20T06:00:00Z,27,86,0,5.9
2026-08-20T07:00:00Z,25.8,81,0,1.9
2026-08-20T08:00:00Z,25.7,92,0,2.9
2026-08-20T09:00:00Z,25.6,90,0,5.4
2026-08-20T10:00:00Z,25.4,91,0,3.1
2026-08-20T11:00:00Z,25,92,0,3.8
2026-08-20T12:00:00Z,25.5,91,0,6.7
2026-08-20T13:00:00Z,27,87,0,4.5
2026-08-20T14:00:00Z,29.4,79,0,2.5
2026-08-20T15:00:00Z,30.6,70,0,3.4
2026-08-20T16:00:00Z,30.7,78,0,6.5
2026-08-20T17:00:00Z,31.4,72,0,10.2
2026-08-20T18:00:00Z,32,67,0,19.4
2026-08-20T19:00:00Z,30.9,71,0,14.9
2026-08-20T20:00:00Z,30.7,77,0,14.8
2026-08-20T21:00:00Z,31.4,70,0,13.7
2026-08-20T22:00:00Z,31,75,0,9.2
2026-08-20T23:00:00Z,31.1,68,0,11
